{
    "ensemble_auc": 0.966848744055586,
    "individual_aucs": {
        "lr": 0.9659774995756474,
        "rf": 0.9621302219711664,
        "gb": 0.9765964699433176,
        "iso_forest": 0.8254349961460441
    },
    "report": {
        "0": {
            "precision": 0.9996921114556531,
            "recall": 0.9992745658386458,
            "f1-score": 0.999483295038533,
            "support": 45490.0
        },
        "1": {
            "precision": 0.6632653061224489,
            "recall": 0.8227848101265823,
            "f1-score": 0.7344632768361582,
            "support": 79.0
        },
        "accuracy": 0.9989685970725712,
        "macro avg": {
            "precision": 0.831478708789051,
            "recall": 0.9110296879826141,
            "f1-score": 0.8669732859373456,
            "support": 45569.0
        },
        "weighted avg": {
            "precision": 0.9991088702692913,
            "recall": 0.9989685970725712,
            "f1-score": 0.999023847136714,
            "support": 45569.0
        }
    }
}