{
    "weights": {
        "lr": 0.25896553747309264,
        "rf": 0.2579341342436279,
        "gb": 0.2618123401883553,
        "iso_forest": 0.22128798809492417
    },
    "best_model": "gb",
    "auc_scores": {
        "lr": 0.9659774995756474,
        "rf": 0.9621302219711664,
        "gb": 0.9765964699433176,
        "iso_forest": 0.8254349961460441,
        "ensemble": 0.966848744055586
    },
    "model_list": [
        "lr",
        "rf",
        "gb",
        "iso_forest"
    ]
}