{
    "model": "Random Forest",
    "auc": 0.9273654584221748,
    "report": {
        "0": {
            "precision": 0.9982156760965482,
            "recall": 0.9668185388845247,
            "f1-score": 0.9822662771951667,
            "support": 31825.0
        },
        "1": {
            "precision": 0.10204081632653061,
            "recall": 0.6857142857142857,
            "f1-score": 0.17764618800888232,
            "support": 175.0
        },
        "accuracy": 0.96528125,
        "macro avg": {
            "precision": 0.5501282462115393,
            "recall": 0.8262664122994052,
            "f1-score": 0.5799562326020244,
            "support": 32000.0
        },
        "weighted avg": {
            "precision": 0.9933147198321808,
            "recall": 0.96528125,
            "f1-score": 0.9778660110824292,
            "support": 32000.0
        }
    }
}